# This is the MASTER cbus devices list file,,
# It must be edited to your own site specifics,,
# You can NOT change the column headings, or there use.  If in doubt leavethe field blank,
# The file is a standard CSV format, so Microsft Excell can be used to edit this, but
# remember to save-as a .csv file.,,
#,,
# Columd Definitions,,
#  cbus_net:	The Network that this device is on (leave as 1),,
#  cbus_class:	The CBUS class (incorrectly refferd in the CBUS docs as the group (leave as 56),,
#  cbus_addr:	The CBUS device group in HEX,,
#  speak_name:	What to say when speaking about this device,,
#  label:	What to put in the logs when logging about this item,,
#  icon:	What icon to use on Web interface (not yet supported),,
#  category:	What MH Menu catagory to assign this device to,,
#  group:	What MH Group(s) to assign this device to (separet list with ':'),,
#  states:	MH States Tree to use (1 for Relays, 2 for dimmers),
#  info:	Infor to be dispayed on mouse over with Web interface,,,,,,,,,,
#  announce:	Speak.  Set to 1 to enable MH voice speaking abou this device, 0 for silent,,,,,,,,,
#,,,,,,,,,,
#  Screw with this files' layout, and you will break MH:CBUS,,,,,,,,,
cbus_net,cbus_class,cbus_addr,speak_name,label,icon,category,group,states,info,announce
1,56,0x12,all flood lights,all flood lights,1,Outside,Lights:Security,1,Item 1,1
1,56,0x0b,cellar door light,cellar door light,1,Outside,Lights:Security,1,Item 2,1
1,56,0x20,ensuite fan,ensuite fan,1,Upstairs,Ventilation,1,Item 3,1
1,56,0x25,ensuite heat light,ensuite heat light,1,Upstairs,Heating:Lights,1,Item 4,1
1,56,0x1f,ensuite light,ensuite light,1,Upstairs,Lights,1,Item 5,1
1,56,0x06,front garden path lights,front garden path lights,1,Outside,Lights:Security:Garden,1,Item 6,1
1,56,0x09,front garden gpo,front garden gpo,1,Outside,Lights:Security:Garden,1,Item 7,1
1,56,0x17,front door lights,front door lights,1,Outside,Lights:Security,2,Item 8,1
1,56,0x18,front flood lights all,front flood lights all,1,Outside,Lights:Security,2,Item 9,1
1,56,0x16,front flood lights east,front flood lights east,1,Outside,Lights:Security,2,Item 10,1
1,56,0x15,front flood lights west,front flood lights west,1,Outside,Lights:Security,2,Item 11,1
1,56,0x00,garage door,garage door,1,Workshop,Devices,1,Item 12,1
1,56,0x08,garage flood lights,garage flood lights,1,Workshop,Lights:Security,1,Item 13,1
1,56,0x26,garage flood lights hold,garage flood lights hold,1,Workshop,Lights:Security,1,Item 14,1
1,56,0x03,workshop lights,workshop lights,1,Workshop,Lights,1,Item 15,1
1,56,0x01,workshop power,workshop power,1,Workshop,Devices,1,Item 16,1
1,56,0x13,ground hall light,ground hall light,1,Downstairs,Lights,2,Item 17,1
1,56,0x10,lounge down lights centre,lounge down lights centre,1,Downstairs,Lights,2,Item 18,1
1,56,0x11,lounge down lights far,lounge down lights far,1,Downstairs,Lights,2,Item 19,1
1,56,0x14,lounge down lights near,lounge down lights near,1,Downstairs,Lights,2,Item 20,1
1,56,0x0a,lounge wall lights,lounge wall lights,1,Downstairs,Lights,2,Item 21,1
1,56,0x1c,main bath fan,main bath fan,1,Upstairs,Ventilation,1,Item 22,1
1,56,0x1d,main bath heat light 1,main bath heat light 1,1,Upstairs,Heating:Lights,1,Item 23,1
1,56,0x1e,main bath heat light 2,main bath heat light 2,1,Upstairs,Heating:Lights,1,Item 24,1
1,56,0x1b,main bath light,main bath light,1,Upstairs,Lights,1,Item 25,1
1,56,0x05,playroom lights all,playroom lights all,1,Workshop,Lights,1,Item 26,1
1,56,0x07,playroom flood lights,playroom flood lights,1,Workshop,Lights:Security,1,Item 27,1
1,56,0x27,playroom flood lights hold,playroom flood lights hold,1,Workshop,Lights:Security,1,Item 28,1
1,56,0x02,playroom lights,playroom lights,1,Workshop,Lights,1,Item 29,1
1,56,0x19,playroom lights hold,playroom lights hold,1,Workshop,Lights,1,Item 30,1
1,56,0x04,playroom toilet light,playroom toilet light,1,Workshop,Lights,1,Item 31,1
1,56,0x0c,cbus test unit,cbus test unit,1,Workshop,CBUS_Test,1,Item 32,1
1,56,0xff,cbus unused unit,cbus unused unit,1,Workshop,CBUS_Test,1,Item 33,1
1,56,0x28,rc unit 1 channel 1,rc unit 1 channel 1,1,Outside,Devices:Wireless,1,Item 34,0
1,56,0x29,rc unit 1 channel 2,rc unit 1 channel 2,1,Outside,Devices:Wireless,1,Item 35,0
1,56,0x2a,rc unit 1 channel 3,rc unit 1 channel 3,1,Outside,Devices:Wireless,1,Item 36,0
1,56,0x2b,rc unit 1 channel 4,rc unit 1 channel 4,1,Outside,Devices:Wireless,1,Item 37,0
1,56,0x21,rc unit 2 channel 1,rc unit 2 channel 1,1,Outside,Devices:Wireless,1,Item 38,0
1,56,0x22,rc unit 2 channel 2,rc unit 2 channel 2,1,Outside,Devices:Wireless,1,Item 39,0
1,56,0x23,rc unit 2 channel 3,rc unit 2 channel 3,1,Outside,Devices:Wireless,1,Item 40,0
1,56,0x24,rc unit 2 channel 4,rc unit 2 channel 4,1,Outside,Devices:Wireless,1,Item 41,0
1,56,0x2e,sprinkler front beds,ws fnt beds,1,Outside,Devices:Sprinklers,1,Item 42,0
1,56,0x2f,sprinkler front lawn,ws fnt lawn,1,Outside,Devices:Sprinklers,1,Item 43,0
1,56,0x2c,sprinkler front main valve,ws fnt main,1,Outside,Devices:Sprinklers,1,Item 44,0
1,56,0x2d,sprinkler front side beds,ws fnt side bed,1,Outside,Devices:Sprinklers,1,Item 45,0
1,56,0x33,sprinkler front spare 1,ws fnt spare1,1,Outside,Devices:Sprinklers,1,Item 46,0
1,56,0x34,sprinkler front spare 2,ws fnt spare2,1,Outside,Devices:Sprinklers,1,Item 47,0
1,56,0x35,sprinkler front spare 3,ws fnt spare3,1,Outside,Devices:Sprinklers,1,Item 48,0
1,56,0x32,sprinkler rear garage,ws rear garage,1,Outside,Devices:Sprinklers,1,Item 49,0
1,56,0x31,sprinkler rear herb bed,ws rear herbs,1,Outside,Devices:Sprinklers,1,Item 50,0
1,56,0x30,sprinkler rear main valve,ws rear main,1,Outside,Devices:Sprinklers,1,Item 51,0
1,56,0x36,cellar aux power,cellar aux power,1,Outside,Devices,1,Item 52,0
